Fuente,Tipo,Tipo Colav,Entidad Actual,COAR Contolled Vocabularies for Repositories,Tab interface,link impactu,% sobre artículos Udea,count,Notas
scholar,article,Artículo,works,Resource Types: journal article,productos,,100,,
scholar,book,Libro,works,Controlled Vocabularies for Repositories: book,productos,,,,
scholar,incollection,Artículo,works,Resource Types: journal article,productos,https://impactu.colav.co/affiliation/institution/03bp5hc83/research/products?max=10&page=1&sort=citations_desc&product_types=scholar_incollection,1,,
scholar,inproceedings,Artículo,works,Resource Types: journal article,productos,https://impactu.colav.co/affiliation/institution/03bp5hc83/research/products?max=10&page=1&sort=citations_desc&product_types=scholar_inproceedings,,,
scholar,mastersthesis,Tesis de Maestría,works,Controlled Vocabularies for Repositories: master thesis,productos,,,,
scholar,misc,Otro,works,,productos,,,,Prioridad OpenAlex
scholar,phdthesis,Tesis de  Doctorado,works,Controlled Vocabularies for Repositories: doctoral thesis,productos,https://impactu.colav.co/affiliation/institution/03bp5hc83/research/products?max=10&page=1&sort=citations_desc&product_types=scholar_phdthesis,,,
scholar,techreport,Artículo,works,Resource Types: journal article,productos,https://impactu.colav.co/affiliation/institution/03bp5hc83/research/products?max=10&page=1&sort=citations_desc&product_types=scholar_techreport,0,,
openalex,article,Artículo,works,Resource Types: journal article,productos,,100,,Journal articles and conference articles
openalex,book,Libro,works,Controlled Vocabularies for Repositories: book,productos,,,,
openalex,book-chapter,Capítulo de libro,works,Controlled Vocabularies for Repositories: book part,productos,,,,46252
openalex,dataset,Dataset,works,Controlled Vocabularies for Repositories: dataset,productos,https://impactu.colav.co/affiliation/institution/03bp5hc83/research/products?product_types=openalex_dataset,,,
openalex,dissertation,Tesis sin definir,works,Controlled Vocabularies for Repositories: thesis,productos,,,,
openalex,editorial,Artículo,works,Resource Types: journal article,productos,https://impactu.colav.co/affiliation/institution/03bp5hc83/research/products?max=10&page=1&sort=citations_desc&product_types=openalex_editorial,0.58,,
openalex,erratum,Errata,works,Controlled Vocabularies for Repositories: corrigendum,productos,https://impactu.colav.co/affiliation/institution/03bp5hc83/research/products?max=10&page=1&sort=citations_desc&product_types=openalex_erratum,0.12,,
openalex,grant,Proyecto,works,,productos,,,,
openalex,letter,Artículo,works,Resource Types: journal article,productos,https://impactu.colav.co/affiliation/institution/03bp5hc83/research/products?max=10&page=1&sort=citations_desc&product_types=openalex_letter,0.47,,
openalex,libguides,Otro,works,,productos,https://impactu.colav.co/search/works?product_types=openalex_libguides,0,,"Guías de Investigación: LibGuides are subject-oriented research guides created by librarians. They're essentially curated collections of resources on a specific topic, presented in a user-friendly website format. "
openalex,other,Otro,works,,productos,,,,
openalex,paratext,Otro,works,,productos,,,,
openalex,peer-review,Otro,works,,productos,,,,
openalex,preprint,Preprint,works,Controlled Vocabularies for Repositories: preprint,productos,https://impactu.colav.co/affiliation/institution/03bp5hc83/research/products?max=10&page=1&sort=citations_desc&product_types=openalex_preprint,1.65,,
openalex,reference-entry,Artículo,works,Resource Types: journal article,productos,https://impactu.colav.co/affiliation/institution/03bp5hc83/research/products?product_types=openalex_reference-entry,0.03,,Ejemplo: https://www.qeios.com/read/78QROA
openalex,report,Documento de trabajo,works,Resource Types: working paper,productos,,,,Requerido por Minciencias 
openalex,retraction,Artículo retractado,works,,productos,https://impactu.colav.co/affiliation/institution/03bp5hc83/research/products?max=10&page=1&sort=citations_desc&product_types=openalex_retraction,,,Necesario para saber si el artículo no está retractado
openalex,review,Artículo de revisión,works,Controlled Vocabularies for Repositories: review article,productos,https://impactu.colav.co/affiliation/institution/03bp5hc83/research/products?max=10&page=1&sort=citations_desc&product_types=openalex_review,2.55,,
openalex,standard,Otro,works,,productos,,0,,Ejemplo: https://doi.org/10.1148/cases.20201754 
openalex,supplementary-materials,Otro,works,,productos,,,,
minciencias,Apropiación social del conocimiento:   Artículos,Artículo,works,Resource Types: journal article,productos,,100,,
minciencias,Apropiación social del conocimiento:   Boletín divulgativo de resultado de investigación,Artículo,works,Resource Types: journal article,productos,https://impactu.colav.co/affiliation/institution/03bp5hc83/research/products?max=10&page=1&sort=citations_desc&product_types=minciencias_Bolet%C3%ADn+divulgativo+de+resultado+de+investigaci%C3%B3n,0.73,,https://impactu.colav.co/search/works?max=10&page=1&sort=citations_desc&product_types=minciencias_Bolet%C3%ADn+divulgativo+de+resultado+de+investigaci%C3%B3n
minciencias,Apropiación social del conocimiento:   Capítulos de libro,Capítulo de libro,works,Controlled Vocabularies for Repositories: book part,productos,,,,https://impactu.colav.co/search/works?max=10&page=1&sort=citations_desc&product_types=minciencias_Cap%C3%ADtulos+de+libro
minciencias,Apropiación social del conocimiento:   Consultoría científico-técnica,,works_misc,,,,,18735,
minciencias,"Apropiación social del conocimiento:   Consultoría en artes, arquitectura y diseño",,,,,,,,
minciencias,Apropiación social del conocimiento:   Documento de trabajo,Documento de trabajo,works,Resource Types: working paper,productos,https://impactu.colav.co/affiliation/institution/03bp5hc83/research/products?max=10&page=1&sort=citations_desc&product_types=minciencias_Documento+de+trabajo,3.83,,
minciencias,Apropiación social del conocimiento:   Edicion,,,,,,,,
minciencias,Apropiación social del conocimiento:   Espacios de participación ciudadana,,,,,,,,
minciencias,Apropiación social del conocimiento:   Estrategia de comunicación del conocimiento,,,,,,,,
minciencias,Apropiación social del conocimiento:   Estrategias pedagógicas para el fomento a la CTI,,works_misc,,,,,9972,
minciencias,Apropiación social del conocimiento:   Evento científico,,events,,,,,,
minciencias,Apropiación social del conocimiento:   Eventos artísticos,,events,,,,,,
minciencias,Apropiación social del conocimiento:   Generación de contenido de audio,,,,,,,,
minciencias,Apropiación social del conocimiento:   Generación de contenido impresa,Otro,works,Resource Types: journal article,productos,https://impactu.colav.co/affiliation/institution/03bp5hc83/research/products?product_types=minciencias_Generaci%C3%B3n+de+contenido+impresa,0.17,,Prioridad OpenAlex
minciencias,Apropiación social del conocimiento:   Generación de contenido multimedia,,works_misc,,,,,12662,
minciencias,Apropiación social del conocimiento:   Generación de contenido virtual,,,,,,,,
minciencias,Apropiación social del conocimiento:   Informe Final de Investigación,Informe de investigación,works,Controlled Vocabularies for Repositories: research report,productos,https://impactu.colav.co/affiliation/institution/03bp5hc83/research/products?max=10&page=1&sort=citations_desc&product_types=minciencias_Informe+Final+de+Investigaci%C3%B3n,5.49,,
minciencias,Apropiación social del conocimiento:   Libros,Libro,works,Controlled Vocabularies for Repositories: book,productos,,,,
minciencias,Apropiación social del conocimiento:   Notas científica,Artículo,works,Resource Types: journal article,productos,https://impactu.colav.co/affiliation/institution/03bp5hc83/research/products?max=10&page=1&sort=citations_desc&product_types=minciencias_Notas+cient%C3%ADfica,0.08,,
minciencias,Apropiación social del conocimiento:   Nueva secuencia genética,,,,,,,,
minciencias,Apropiación social del conocimiento:   Participación ciudadana en proyectos de CTI,,,,,,,,
minciencias,Apropiación social del conocimiento:   Red de conocimiento especializado,,,,,,,,
minciencias,Apropiación social del conocimiento:   Talleres de creación,,,,,,,,
minciencias,Apropiación social del conocimiento y divulgación pública de la ciencia:   Artículos,Artículo de divulgación,works,,productos,,,,chek links
minciencias,Apropiación social del conocimiento y divulgación pública de la ciencia:   Boletín divulgativo de resultado de investigación,Otro,works,Resource Types: journal article,productos,,,,
minciencias,Apropiación social del conocimiento y divulgación pública de la ciencia:   Consultoría científico-técnica,,,,,,,,
minciencias,"Apropiación social del conocimiento y divulgación pública de la ciencia:   Consultoría en artes, arquitectura y diseño",,,,,,,,
minciencias,Apropiación social del conocimiento y divulgación pública de la ciencia:   Desarrollos Web,,,,,,,,
minciencias,Apropiación social del conocimiento y divulgación pública de la ciencia:   Documento de trabajo,Documento de trabajo,works,Resource Types: working paper,productos,,,,
minciencias,Apropiación social del conocimiento y divulgación pública de la ciencia:   Edicion,,works_misc,,,,,16294,
minciencias,Apropiación social del conocimiento y divulgación pública de la ciencia:   Evento científico,,events,,,,,,
minciencias,"Apropiación social del conocimiento y divulgación pública de la ciencia:   Eventos artísticos, de arquitectura o de diseño con componentes de apropiación",,events,,,,,,
minciencias,Apropiación social del conocimiento y divulgación pública de la ciencia:   Informe Final de Investigación,Informe de investigación,works,Controlled Vocabularies for Repositories: research report,productos,,,,
minciencias,Apropiación social del conocimiento y divulgación pública de la ciencia:   Informe técnico final,Informe técnico,works,Controlled Vocabularies for Repositories: technical report,productos,,,,
minciencias,Apropiación social del conocimiento y divulgación pública de la ciencia:   Libros de Divulgación de investigación y/o Compilación de Divulgación,Libro,works,Controlled Vocabularies for Repositories: book,productos,,,,
minciencias,Apropiación social del conocimiento y divulgación pública de la ciencia:   Libros de Formación,Libro,works,Controlled Vocabularies for Repositories: book,productos,,,,
minciencias,Apropiación social del conocimiento y divulgación pública de la ciencia:   Manuales y Guías Especializadas,Manual,works,,productos,,,,
minciencias,Apropiación social del conocimiento y divulgación pública de la ciencia:   Notas científica,Artículo,works,Resource Types: journal article,productos,,,,
minciencias,Apropiación social del conocimiento y divulgación pública de la ciencia:   Nueva secuencia genética,,,,,,,,
minciencias,Apropiación social del conocimiento y divulgación pública de la ciencia:   Procesos de Apropiación social del conocimiento para el fortalecimiento de cadenas productivas,,,,,,,,
minciencias,Apropiación social del conocimiento y divulgación pública de la ciencia:   Procesos de apropiación resultado del trabajo conjunto entre un Centro de Ciencia y un grupo,,,,,,,,
minciencias,Apropiación social del conocimiento y divulgación pública de la ciencia:   Procesos de apropiación social del conocimiento para el fortalecimiento o solución de asuntos,,,,,,,,
minciencias,Apropiación social del conocimiento y divulgación pública de la ciencia:   Procesos de apropiación social del conocimiento para la generación de insumos,,,,,,,,
minciencias,Apropiación social del conocimiento y divulgación pública de la ciencia:   Producciones de contenido digital,,works_misc,,,,,6410,
minciencias,Apropiación social del conocimiento y divulgación pública de la ciencia:   Producción de estrategias y contenidos Transmedia,,,,,,,,
minciencias,Apropiación social del conocimiento y divulgación pública de la ciencia:   Publicaciones editoriales no especializadas,Otro,works,Resource Types: journal article,productos,https://impactu.colav.co/affiliation/institution/03bp5hc83/research/products?max=10&page=1&sort=citations_desc&product_types=minciencias_Publicaciones+editoriales+no+especializadas,0.23,,
minciencias,Apropiación social del conocimiento y divulgación pública de la ciencia:   Red de conocimiento especializado,,works_misc,,,,,6223,
minciencias,Apropiación social del conocimiento y divulgación pública de la ciencia:   Talleres de creación,,,,,,,,
minciencias,Desarrollo tecnológico e innovación:   Colección científica,,,,,,,,
minciencias,Desarrollo tecnológico e innovación:   Conceptos técnicos,,,,,,,,
minciencias,Desarrollo tecnológico e innovación:   Consultorias,,,,,,,,
minciencias,Desarrollo tecnológico e innovación:   Consultoría científico-técnica,,works_misc,,,,,18735,
minciencias,"Desarrollo tecnológico e innovación:   Consultoría en artes, arquitectura y diseño",,,,,,,,
minciencias,Desarrollo tecnológico e innovación:   Diseño Industrial,,,,,,,,
minciencias,Desarrollo tecnológico e innovación:   Empresa de base tecnológica,,,,,,,,
minciencias,Desarrollo tecnológico e innovación:   Empresas creativas y culturales,,,,,,,,
minciencias,Desarrollo tecnológico e innovación:   Esquema de circuito integrado,,,,,,,,
minciencias,Desarrollo tecnológico e innovación:   Informe Final de Investigación,Informe de investigación,works,Controlled Vocabularies for Repositories: research report,productos,,,,
minciencias,Desarrollo tecnológico e innovación:   Informe técnico final,Informe técnico,works,Controlled Vocabularies for Repositories: technical report,productos,,,,
minciencias,Desarrollo tecnológico e innovación:   Innovacion de gestion empresarial,,,,,,,,
minciencias,Desarrollo tecnológico e innovación:   Innovaciones en procedimiento y servicio,,,,,,,,
minciencias,Desarrollo tecnológico e innovación:   Innovación de procedimiento,,,,,,,,
minciencias,Desarrollo tecnológico e innovación:   Nuevo registro científico,,,,,,,,
minciencias,Desarrollo tecnológico e innovación:   Planta Piloto,,,,,,,,
minciencias,Desarrollo tecnológico e innovación:   Productos nutraceúticos,,,,,,,,
minciencias,Desarrollo tecnológico e innovación:   Prototipo Industrial,,,,,,,,
minciencias,Desarrollo tecnológico e innovación:   Registros de acuerdos de licencia para la explotación de obras,,,,,,,,
minciencias,Desarrollo tecnológico e innovación:   Regulación Norma o Reglamento,,,,,,,,
minciencias,Desarrollo tecnológico e innovación:   Regulación y norma,,,,,,,,
minciencias,Desarrollo tecnológico e innovación:   Regulación y norma acto legislativo,,,,,,,,
minciencias,Desarrollo tecnológico e innovación:   Regulación y norma manejo clínico forense,,,,,,,,
minciencias,Desarrollo tecnológico e innovación:   Regulación y norma manuales y modelos de atención diferencial a víctimas,,,,,,,,
minciencias,Desarrollo tecnológico e innovación:   Regulación y norma protocolos de atención a usuarios/víctimas (pacientes),,,,,,,,
minciencias,Desarrollo tecnológico e innovación:   Regulación y norma protocolos de vigilancia epidemiológica,,,,,,,,
minciencias,Desarrollo tecnológico e innovación:   Regulación y norma proyecto de ley,,,,,,,,
minciencias,Desarrollo tecnológico e innovación:   Regulación y norma práctica clínica,,,,,,,,
minciencias,Desarrollo tecnológico e innovación:   Secreto empresarial,,,,,,,,
minciencias,Desarrollo tecnológico e innovación:   Signos Distintivos,,,,,,,,
minciencias,Desarrollo tecnológico e innovación:   Software,,,,,,,,
minciencias,Desarrollo tecnológico e innovación:   Spin-off,,,,,,,,
minciencias,Formación de recurso humano:   Apoyo creación de cursos,,works_misc,,,,,30437,
minciencias,Formación de recurso humano:   Apoyo de programas,,,,,,,,
minciencias,Formación de recurso humano:   Asesoría al programa Ondas,,,,,,,,
minciencias,Formación de recurso humano:   Proyecto ID+I con Formación,,projects,,,,,,
minciencias,Formación de recurso humano:   Proyecto de Investigacion y Desarrollo,,projects,,,,,,
minciencias,Formación de recurso humano:   Proyecto de Investigación y Creación,,projects,,,,,,
minciencias,Formación de recurso humano:   Proyecto de extensión,,projects,,,,,,
minciencias,Formación de recurso humano:   Proyecto de extensión y responsabilidad social en CTI,,projects,,,,,,
minciencias,Formación de recurso humano:   Tesis de doctorado,Tesis de  Doctorado,works,Controlled Vocabularies for Repositories: doctoral thesis,productos,,,,
minciencias,Formación de recurso humano:   Tesis de maestria,Tesis de Maestría,works,Controlled Vocabularies for Repositories: master thesis,productos,,,,
minciencias,Formación de recurso humano:   Tesis de pregrado,Tesis de Pregrado ,works,Resource Types: bachelor thesis,productos,,,,
minciencias,No categorizado   Registro general,,,,,,,,
minciencias,Nuevo conocimiento:   Artículos,Artículo,works,Resource Types: journal article,productos,,,,
minciencias,Nuevo conocimiento:   Artículos de investigación,Artículo,works,Resource Types: journal article,productos,,,,
minciencias,Nuevo conocimiento:   Capítulos de libro,Capítulo de libro,works,Controlled Vocabularies for Repositories: book part,productos,,,,
minciencias,Nuevo conocimiento:   Capítulos de libro de investigación,Capítulo de libro,works,Controlled Vocabularies for Repositories: book part,productos,,,,
minciencias,Nuevo conocimiento:   Libros,Libro,works,Controlled Vocabularies for Repositories: book,productos,,,,
minciencias,Nuevo conocimiento:   Libros de Formación,Libro,works,Controlled Vocabularies for Repositories: book,productos,,0,,
minciencias,Nuevo conocimiento:   Libros de investigación,Libro,works,Controlled Vocabularies for Repositories: book,productos,https://impactu.colav.co/affiliation/institution/03bp5hc83/research/products?max=10&page=1&sort=citations_desc&product_types=minciencias_Libros+de+investigaci%C3%B3n,1.54,,
minciencias,Nuevo conocimiento:   Notas científica,Artículo,works,Resource Types: journal article,productos,https://impactu.colav.co/affiliation/institution/03bp5hc83/research/products?max=10&page=1&sort=citations_desc&product_types=minciencias_Notas+cient%C3%ADfica,0.08,,
minciencias,"Nuevo conocimiento:   Obras o productos de arte, arquitectura y diseño",,works_misc,,,,,7101,
minciencias,Nuevo conocimiento:   Patente de invención,,patents,,,,,,
minciencias,Nuevo conocimiento:   Patente modelo de utilidad,,patents,,,,,,
minciencias,Nuevo conocimiento:   Variedad animal,,,,,,,,
minciencias,Nuevo conocimiento:   Variedad vegetal,,,,,,,,
scienti,1: Producción bibliográfica 11: Artículo 111: Publicado en revista especializada ,Artículo,works,Resource Types: journal article,productos,,100,,
scienti,1: Producción bibliográfica 11: Artículo 112: Corto (Resumen) ,Artículo corto,works,Controlled Vocabularies for Repositories: letter,productos,https://impactu.colav.co/affiliation/institution/03bp5hc83/research/products?max=10&page=1&sort=citations_desc&product_types=scienti_Corto+%28Resumen%29_112,6.32,,
scienti,1: Producción bibliográfica 11: Artículo 113: Revisión (Survey) ,Artículo de revisión,works,Controlled Vocabularies for Repositories: review article,productos,https://impactu.colav.co/affiliation/institution/03bp5hc83/research/products?max=10&page=1&sort=citations_desc&product_types=scienti_Revisi%C3%B3n+%28Survey%29_113,5.67,,
scienti,1: Producción bibliográfica 11: Artículo 114: Caso clínico ,Caso clínico,works,Controlled Vocabularies for Repositories: clinical study,productos,https://impactu.colav.co/affiliation/institution/03bp5hc83/research/products?max=10&page=1&sort=citations_desc&product_types=scienti_Caso+cl%C3%ADnico_114,2,,
scienti,1: Producción bibliográfica 12: Trabajos en eventos (Capítulos de memoria) 121: Completo ,Artículo de conferencia,works,Controlled Vocabularies for Repositories: conference paper,productos,https://impactu.colav.co/affiliation/institution/03bp5hc83/research/products?max=10&page=1&sort=citations_desc&product_types=scienti_Trabajos+en+eventos+%28Cap%C3%ADtulos+de+memoria%29_12,7.93,,
scienti,1: Producción bibliográfica 12: Trabajos en eventos (Capítulos de memoria) 122: Resumen ,Artículo de conferencia,works,Controlled Vocabularies for Repositories: conference paper,productos,,,,
scienti,1: Producción bibliográfica 13: Libro 131: Otro libro publicado ,Libro,works,Controlled Vocabularies for Repositories: book,productos,,,,
scienti,1: Producción bibliográfica 13: Libro 132: Capítulo de libro ,Capítulo de libro,works,Controlled Vocabularies for Repositories: book part,productos,,,,
scienti,1: Producción bibliográfica 13: Libro 133: Libro pedagógico y/o de divulgación ,Libro,works,Controlled Vocabularies for Repositories: book,productos,https://impactu.colav.co/affiliation/institution/03bp5hc83/research/products?max=10&page=1&sort=citations_desc&product_types=scienti_Libro+pedag%C3%B3gico+y%2Fo+de+divulgaci%C3%B3n_133,0.77,,
scienti,1: Producción bibliográfica 13: Libro 134: Libro resultado de investigación ,Libro,works,Controlled Vocabularies for Repositories: book,productos,https://impactu.colav.co/affiliation/institution/03bp5hc83/research/products?max=10&page=1&sort=citations_desc&product_types=scienti_Libro+resultado+de+investigaci%C3%B3n_134,5.94,,
scienti,1: Producción bibliográfica 13: Libro 135: Otro capítulo de libro publicado ,Capítulo de libro,works,Controlled Vocabularies for Repositories: book part,productos,,,,
scienti,1: Producción bibliográfica 13: Libro 136: Traducciones Filológicas y Edición de Fuentes ,Libro,works,Controlled Vocabularies for Repositories: book,productos,https://impactu.colav.co/affiliation/institution/03bp5hc83/research/products?max=10&page=1&sort=citations_desc&product_types=scienti_Traducciones+Filol%C3%B3gicas+y+Edici%C3%B3n+de+Fuentes_136,,,
scienti,1: Producción bibliográfica 13: Libro 137: Libro de creación ,Libro,works,Controlled Vocabularies for Repositories: book,productos,https://impactu.colav.co/affiliation/institution/03bp5hc83/research/products?max=10&page=1&sort=citations_desc&product_types=scienti_Libro+de+creaci%C3%B3n_137,0.07,,
scienti,1: Producción bibliográfica 13: Libro 138: Libros de formación ,Libro,works,Controlled Vocabularies for Repositories: book,productos,https://impactu.colav.co/affiliation/institution/03bp5hc83/research/products?max=10&page=1&sort=citations_desc&product_types=scienti_Libros+de+formaci%C3%B3n_138,0.72,,
scienti,1: Producción bibliográfica 13: Libro 139: Libros de divulgación y/o Compilación de divulgación ,Libro,works,Controlled Vocabularies for Repositories: book,productos,https://impactu.colav.co/affiliation/institution/03bp5hc83/research/products?max=10&page=1&sort=citations_desc&product_types=scienti_Libros+de+divulgaci%C3%B3n+y%2Fo+Compilaci%C3%B3n+de+divulgaci%C3%B3n_139,1.2,,
scienti,1: Producción bibliográfica 13: Libro 140: Manuales y Guías Especializadas ,Manual,works,,productos,,,,Requerido por Minciencias
scienti,1: Producción bibliográfica 14: Otro artículo publicado 141: Periódico de noticias ,Artículo de periódico ,works,Controlled Vocabularies for Repositories: newspaper article,productos,https://impactu.colav.co/affiliation/institution/03bp5hc83/research/products?max=10&page=1&sort=citations_desc&product_types=scienti_Peri%C3%B3dico+de+noticias_141,3.49,,
scienti,1: Producción bibliográfica 14: Otro artículo publicado 142: Revista de divulgación ,Artículo de divulgación,works,,productos,https://impactu.colav.co/affiliation/institution/03bp5hc83/research/products?max=10&page=1&sort=citations_desc&product_types=scienti_Revista+de+divulgaci%C3%B3n_142,9.31,,
scienti,1: Producción bibliográfica 14: Otro artículo publicado 143: Carta al editor ,Artículo,works,Resource Types: journal article,productos,https://impactu.colav.co/affiliation/institution/03bp5hc83/research/products?max=10&page=1&sort=citations_desc&product_types=scienti_Carta+al+editor_143,0.07,,
scienti,1: Producción bibliográfica 14: Otro artículo publicado 144: Reseña de libro ,Artículo,works,Resource Types: journal article,productos,https://impactu.colav.co/affiliation/institution/03bp5hc83/research/products?max=10&page=1&sort=citations_desc&product_types=scienti_Rese%C3%B1a+de+libro_144,0.27,,
scienti,1: Producción bibliográfica 14: Otro artículo publicado 145: Columna de opinión ,Artículo,works,Resource Types: journal article,productos,https://impactu.colav.co/affiliation/institution/03bp5hc83/research/products?max=10&page=1&sort=citations_desc&product_types=scienti_Columna+de+opini%C3%B3n_145,0.27,,
scienti,1: Producción bibliográfica 1A: Traducciones 1A1: Artículo ,Artículo,works,Resource Types: journal article,productos,https://impactu.colav.co/affiliation/institution/03bp5hc83/research/products?max=10&page=1&sort=citations_desc&product_types=scienti_Art%C3%ADculo_1A1,0.61,,Extender esquema de datos: rol: traductor
scienti,1: Producción bibliográfica 1A: Traducciones 1A2: Libro ,Libro,works,Resource Types: journal article,productos,https://impactu.colav.co/affiliation/institution/03bp5hc83/research/products?max=10&page=1&sort=citations_desc&product_types=scienti_Libro_1A2,0.17,,Extender esquema de datos: isbn
scienti,1: Producción bibliográfica 1A: Traducciones 1A9: Otra ,Otro,works,,productos,https://impactu.colav.co/affiliation/institution/03bp5hc83/research/products?max=10&page=1&sort=citations_desc&product_types=scienti_Otra_1A9,0.37,,
scienti,1: Producción bibliográfica 1B: Partituras musicales 1B1: Canto ,Otro,works,,productos,https://impactu.colav.co/affiliation/institution/03bp5hc83/research/products?max=10&page=1&sort=citations_desc&product_types=scienti_Partituras+musicales_1B,,,
scienti,1: Producción bibliográfica 1B: Partituras musicales 1B2: Coral ,Otro,works,,productos,https://impactu.colav.co/affiliation/institution/03bp5hc83/research/products?max=10&page=1&sort=citations_desc&product_types=scienti_Partituras+musicales_1B,,,
scienti,1: Producción bibliográfica 1B: Partituras musicales 1B3: Orquesta ,Otro,works,,productos,https://impactu.colav.co/affiliation/institution/03bp5hc83/research/products?max=10&page=1&sort=citations_desc&product_types=scienti_Partituras+musicales_1B,,,
scienti,1: Producción bibliográfica 1B: Partituras musicales 1B9: Otro ,Otro,works,,productos,https://impactu.colav.co/affiliation/institution/03bp5hc83/research/products?max=10&page=1&sort=citations_desc&product_types=scienti_Partituras+musicales_1B,,,
scienti,1: Producción bibliográfica 1D: Documento de trabajo (Working Paper)  ,Documento de trabajo,works,Resource Types: working paper,productos,,,,Requerido por Minciencias
scienti,1: Producción bibliográfica 1K: Nota científica  ,Otro,works,,productos,https://impactu.colav.co/affiliation/institution/03bp5hc83/research/products?max=10&page=1&sort=citations_desc&product_types=scienti_Nota+cient%C3%ADfica_1K,0.25,,Prioridad OpenAlex
scienti,1: Producción bibliográfica 1Z: Otra producción bibliográfica 1Z2: Epílogo ,Otro,works,,productos,https://impactu.colav.co/affiliation/institution/03bp5hc83/research/products?max=10&page=1&sort=citations_desc&product_types=scienti_Ep%C3%ADlogo_1Z2,0.37,,Prioridad OpenAlex
scienti,1: Producción bibliográfica 1Z: Otra producción bibliográfica 1Z3: Introducción ,Otro,works,,productos,https://impactu.colav.co/affiliation/institution/03bp5hc83/research/products?max=10&page=1&sort=citations_desc&product_types=scienti_Introducci%C3%B3n_1Z3,0.19,,Prioridad OpenAlex
scienti,1: Producción bibliográfica 1Z: Otra producción bibliográfica 1Z4: Prólogo ,Otro,works,,productos,https://impactu.colav.co/affiliation/institution/03bp5hc83/research/products?max=10&page=1&sort=citations_desc&product_types=scienti_Pr%C3%B3logo_1Z4,0.23,,Prioridad OpenAlex
scienti,1: Producción bibliográfica 1Z: Otra producción bibliográfica 1Z9: Otra ,Otro,works,,productos,,,,
scienti,2: Producción técnica 21: Softwares 211: Computacional ,,,,,,,,
scienti,2: Producción técnica 21: Softwares 212: Multimedia ,,,,,,,,
scienti,2: Producción técnica 21: Softwares 219: Otra ,,,,,,,,
scienti,2: Producción técnica 22: Productos tecnológicos 225: Gen Clonado ,,,,,,,,
scienti,2: Producción técnica 22: Productos tecnológicos 226: Base de datos de referencia para investigacion ,,,,,,,,
scienti,2: Producción técnica 22: Productos tecnológicos 227: Coleccion biologica de referencia con informacion sistematizada ,,,,,,,,
scienti,2: Producción técnica 22: Productos tecnológicos 229: Otro  ,,,,,,,,
scienti,2: Producción técnica 23: Innovación de proceso o procedimiento  ,,works_misc,,,,,6651,
scienti,2: Producción técnica 24: Consultoría Científico Tecnológica e Informe Técnico 241: Servicios de Proyectos de I+D+I ,,,,,,,,
scienti,2: Producción técnica 24: Consultoría Científico Tecnológica e Informe Técnico 242: Acciones de transferencia tecnológica ,,,,,,,,
scienti,2: Producción técnica 24: Consultoría Científico Tecnológica e Informe Técnico 243: Comercialización de tecnología ,,,,,,,,
scienti,2: Producción técnica 24: Consultoría Científico Tecnológica e Informe Técnico 244: Desarrollo de productos ,,,,,,,,
scienti,2: Producción técnica 24: Consultoría Científico Tecnológica e Informe Técnico 245: Informe técnico ,Informe técnico,works,Controlled Vocabularies for Repositories: technical report,productos,,,,"Ejemplo. Corresponde a Minciencias  ""Apropiación social del conocimiento y divulgación pública de la ciencia:   Informe técnico final"""
scienti,2: Producción técnica 24: Consultoría Científico Tecnológica e Informe Técnico 246: Análisis de competitividad ,,,,,,,,
scienti,2: Producción técnica 24: Consultoría Científico Tecnológica e Informe Técnico 247: Implementación de sistemas de análisis ,,,,,,,,
scienti,"2: Producción técnica 24: Consultoría Científico Tecnológica e Informe Técnico 248: Consultoría en artes, arquitectura y diseño ",,,,,,,,
scienti,2: Producción técnica 24: Consultoría Científico Tecnológica e Informe Técnico 249: Otra ,,,,,,,,
scienti,"2: Producción técnica 25: Regulación, norma, reglamento o legislación 251: Social ",,,,,,,,
scienti,"2: Producción técnica 25: Regulación, norma, reglamento o legislación 252: Educativa ",,,,,,,,
scienti,"2: Producción técnica 25: Regulación, norma, reglamento o legislación 253: Ambiental o de Salud ",,,,,,,,
scienti,"2: Producción técnica 25: Regulación, norma, reglamento o legislación 254: Técnica ",,,,,,,,
scienti,"2: Producción técnica 25: Regulación, norma, reglamento o legislación 254: Técnica 2541: Básica",,,,,,,,
scienti,"2: Producción técnica 25: Regulación, norma, reglamento o legislación 254: Técnica 2542: Terminología",,,,,,,,
scienti,"2: Producción técnica 25: Regulación, norma, reglamento o legislación 254: Técnica 2543: Ensayo",,,,,,,,
scienti,"2: Producción técnica 25: Regulación, norma, reglamento o legislación 254: Técnica 2544: Producto",,,,,,,,
scienti,"2: Producción técnica 25: Regulación, norma, reglamento o legislación 254: Técnica 2545: Proceso",,,,,,,,
scienti,"2: Producción técnica 25: Regulación, norma, reglamento o legislación 254: Técnica 2546: Servicio",,,,,,,,
scienti,"2: Producción técnica 25: Regulación, norma, reglamento o legislación 255: Guía de práctica clínica ",,,,,,,,
scienti,"2: Producción técnica 25: Regulación, norma, reglamento o legislación 256: Proyecto de ley ",,,,,,,,
scienti,"2: Producción técnica 25: Regulación, norma, reglamento o legislación 258: Protocolo de atención a pacientes ",,,,,,,,
scienti,"2: Producción técnica 25: Regulación, norma, reglamento o legislación 259: Manuales y modelos de atención a víctimas ",,,,,,,,
scienti,"2: Producción técnica 25: Regulación, norma, reglamento o legislación 25A: Acto legislativo ",,,,,,,,
scienti,2: Producción técnica 26: Diseño Industrial  ,,,,,,,,
scienti,2: Producción técnica 27: Planta piloto  ,,,,,,,6604,
scienti,2: Producción técnica 28: Prototipo 281: Industrial ,,works_misc,,,,,,
scienti,2: Producción técnica 28: Prototipo 282: Servicios ,,,,,,,,
scienti,2: Producción técnica 29: Reglamento Técnico  ,,,,,,,,
scienti,"2: Producción técnica 2A: Cartas, mapas o similares 2A1: Aerofotograma ",,,,,,,,
scienti,"2: Producción técnica 2A: Cartas, mapas o similares 2A2: Carta ",,,,,,,,
scienti,"2: Producción técnica 2A: Cartas, mapas o similares 2A3: Fotograma ",,,,,,,,
scienti,"2: Producción técnica 2A: Cartas, mapas o similares 2A4: Mapa ",,,,,,,,
scienti,"2: Producción técnica 2A: Cartas, mapas o similares 2A9: Otra ",,,,,,,,
scienti,2: Producción técnica 2B: Cursos de corta duración dictados 2B1: Extensión extracurricular ,,,,,,,,
scienti,2: Producción técnica 2B: Cursos de corta duración dictados 2B2: Perfeccionamiento ,,,,,,,,
scienti,2: Producción técnica 2B: Cursos de corta duración dictados 2B3: Especialización ,,,,,,,,
scienti,2: Producción técnica 2B: Cursos de corta duración dictados 2B9: Otro ,,,,,,,,
scienti,2: Producción técnica 2D: Editoración o revisión 2D1: Libro ,,,,,,,,
scienti,2: Producción técnica 2D: Editoración o revisión 2D2: Anales ,,,,,,,,
scienti,2: Producción técnica 2D: Editoración o revisión 2D3: Catálogo ,,,,,,,,
scienti,2: Producción técnica 2D: Editoración o revisión 2D4: Compilación ,,,,,,,,
scienti,2: Producción técnica 2D: Editoración o revisión 2D5: Enciclopedia ,,,,,,,,
scienti,2: Producción técnica 2D: Editoración o revisión 2D6: Revista ,,,,,,,,
scienti,2: Producción técnica 2D: Editoración o revisión 2D9: Otro ,,,,,,,,
scienti,2: Producción técnica 2E: Mantenimiento de obras artísticas 2E1: Conservación ,,,,,,,,
scienti,2: Producción técnica 2E: Mantenimiento de obras artísticas 2E9: Otro ,,,,,,,,
scienti,2: Producción técnica 2G: Organización de eventos 2G1: Concierto ,,,,,,,,
scienti,2: Producción técnica 2G: Organización de eventos 2G2: Concurso ,,,,,,,,
scienti,2: Producción técnica 2G: Organización de eventos 2G3: Congreso ,,,,,,,,
scienti,2: Producción técnica 2G: Organización de eventos 2G4: Exposición ,,,,,,,,
scienti,2: Producción técnica 2G: Organización de eventos 2G5: Festival ,,,,,,,,
scienti,2: Producción técnica 2G: Organización de eventos 2G6: Seminario ,,,,,,,,
scienti,2: Producción técnica 2G: Organización de eventos 2G7: Simposio ,,,,,,,,
scienti,2: Producción técnica 2G: Organización de eventos 2G8: Taller ,,,,,,,,
scienti,2: Producción técnica 2G: Organización de eventos 2G9: Otro ,,,,,,,,
scienti,2: Producción técnica 2G: Organización de eventos 2GA: Encuentro ,,,,,,,,
scienti,2: Producción técnica 2H: Multimedia 2H1: Entrevista ,,,,,,,,
scienti,2: Producción técnica 2H: Multimedia 2H2: Mesa redonda ,,,,,,,,
scienti,2: Producción técnica 2H: Multimedia 2H3: Comentario ,,,,,,,,
scienti,2: Producción técnica 2H: Multimedia 2H4: Base de datos o repositorio para investigación ,,,,,,,,
scienti,2: Producción técnica 2H: Multimedia 2H9: Otro ,,,,,,,,
scienti,2: Producción técnica 2I: Informes de investigación  ,Informe de investigación,works,Controlled Vocabularies for Repositories: research report,productos,,,,"Ejemplo. Corresponde a Minciencias ""Apropiación social del conocimiento y divulgación pública de la ciencia:   Informe Final de Investigación"""
scienti,2: Producción técnica 2J: Presentación de trabajo 2J1: Comunicación ,,,,,,,,
scienti,2: Producción técnica 2J: Presentación de trabajo 2J2: Conferencia ,,,,,,,,
scienti,2: Producción técnica 2J: Presentación de trabajo 2J3: Congreso ,,,,,,,,
scienti,2: Producción técnica 2J: Presentación de trabajo 2J4: Seminario ,,,,,,,,
scienti,2: Producción técnica 2J: Presentación de trabajo 2J5: Simposio ,,,,,,,,
scienti,2: Producción técnica 2J: Presentación de trabajo 2J6: Ponencia ,,,,,,,,
scienti,2: Producción técnica 2J: Presentación de trabajo 2J9: Otro ,,,,,,,,
scienti,2: Producción técnica 2K: Variedad vegetal  ,,,,,,,,
scienti,2: Producción técnica 2L: Variedad animal  ,,,,,,,,
scienti,2: Producción técnica 2M: Esquema de circuito integrado  ,,,,,,,,
scienti,2: Producción técnica 2N: Innovaciones generadas de producción empresarial 2N1: Organizacional ,,,,,,,,
scienti,2: Producción técnica 2N: Innovaciones generadas de producción empresarial 2N2: Empresarial ,,,,,,,,
scienti,2: Producción técnica 2O: Empresa de base tecnológica 2O1: Spin-off ,,,,,,,,
scienti,2: Producción técnica 2O: Empresa de base tecnológica 2O2: Start-up ,,,,,,,,
scienti,2: Producción técnica 2P: Impresa 2P1: Cartilla ,Artículo,works,Resource Types: journal article,productos,,,,"Issue: Corresponde a Minciencias: ""Generación de contenido impresa"""
scienti,2: Producción técnica 2P: Impresa 2P2: Boletín ,Artículo,works,Resource Types: journal article,productos,,,,"Issue: Corresponde a Minciencias: ""Generación de contenido impresa"""
scienti,2: Producción técnica 2P: Impresa 2P3: Manual ,Manual,works,Resource Types: journal article,productos,,,,"Issue: Corresponde a Minciencias: ""Generación de contenido impresa"""
scienti,2: Producción técnica 2P: Impresa 2P4: Guía ,Artículo,works,Resource Types: journal article,productos,,,,"Issue: Corresponde a Minciencias: ""Generación de contenido impresa"""
scienti,2: Producción técnica 2P: Impresa 2P5: Metodología ,Artículo,works,Resource Types: journal article,productos,,,,"Issue: Corresponde a Minciencias: ""Generación de contenido impresa"""
scienti,2: Producción técnica 2Q: Contenido Virtual 2Q1: Página web ,,,,,,,,
scienti,2: Producción técnica 2Q: Contenido Virtual 2Q2: Portal ,,,,,,,,
scienti,2: Producción técnica 2Q: Contenido Virtual 2Q3: Micrositio ,,,,,,,,
scienti,2: Producción técnica 2Q: Contenido Virtual 2Q4: Aplicativo ,,,,,,,,
scienti,2: Producción técnica 2Q: Contenido Virtual 2Q5: Blog ,,,,,,,,
scienti,2: Producción técnica 2Q: Contenido Virtual 2Q6: Otro ,,,,,,,,
scienti,2: Producción técnica 2R: Nuevo registro científico  ,,,,,,,,
scienti,2: Producción técnica 2S: Protocolo de vigilancia epidemiológica  ,,,,,,,,
scienti,2: Producción técnica 2U: Productos nutraceúticos  ,,,,,,,,
scienti,2: Producción técnica 2V: Concepto técnico  ,,,,,,,,
scienti,2: Producción técnica 2W: Generación de contenido de audio  ,,,,,,,,
scienti,2: Producción técnica 2Y: Nueva secuencia genética  ,,,,,,,,
scienti,3: Producción artística/cultural 31: Presentaciones de obras artísticas 311: Coreográfica ,,,,,,,,
scienti,3: Producción artística/cultural 31: Presentaciones de obras artísticas 312: Literaria ,,,,,,,,
scienti,3: Producción artística/cultural 31: Presentaciones de obras artísticas 313: Musical ,,,,,,,,
scienti,3: Producción artística/cultural 31: Presentaciones de obras artísticas 314: Teatral ,,,,,,,,
scienti,3: Producción artística/cultural 31: Presentaciones de obras artísticas 319: Otro ,,,,,,,,
scienti,3: Producción artística/cultural 32: Arreglos musicales 321: Canto ,,,,,,,,
scienti,3: Producción artística/cultural 32: Arreglos musicales 323: Orquesta ,,,,,,,,
scienti,3: Producción artística/cultural 32: Arreglos musicales 329: Otro ,,,,,,,,
scienti,3: Producción artística/cultural 33: Composiciones musicales 331: Canto ,,,,,,,,
scienti,3: Producción artística/cultural 33: Composiciones musicales 332: Coral ,,,,,,,,
scienti,3: Producción artística/cultural 33: Composiciones musicales 333: Orquesta ,,,,,,,,
scienti,3: Producción artística/cultural 33: Composiciones musicales 339: Otro ,,,,,,,,
scienti,3: Producción artística/cultural 34: Cursos de corta duración 341: Extensión extracurricular ,,,,,,,,
scienti,3: Producción artística/cultural 34: Cursos de corta duración 342: Perfeccionamiento ,,,,,,,,
scienti,3: Producción artística/cultural 34: Cursos de corta duración 343: Especialización ,,,,,,,,
scienti,3: Producción artística/cultural 34: Cursos de corta duración 349: Otro ,,,,,,,,
scienti,3: Producción artística/cultural 35: Presentaciones de radio o TV 351: Danza ,,,,,,,,
scienti,3: Producción artística/cultural 35: Presentaciones de radio o TV 352: Música ,,,,,,,,
scienti,3: Producción artística/cultural 35: Presentaciones de radio o TV 353: Teatro ,,,,,,,,
scienti,3: Producción artística/cultural 35: Presentaciones de radio o TV 359: Otro ,,,,,,,,
scienti,3: Producción artística/cultural 36: Obras de artes visual 361: Cine ,,,,,,,,
scienti,3: Producción artística/cultural 36: Obras de artes visual 362: Dibujo ,,,,,,,,
scienti,3: Producción artística/cultural 36: Obras de artes visual 363: Escultura ,,,,,,,,
scienti,3: Producción artística/cultural 36: Obras de artes visual 364: Fotografía ,,,,,,,,
scienti,3: Producción artística/cultural 36: Obras de artes visual 365: Grabado ,,,,,,,,
scienti,3: Producción artística/cultural 36: Obras de artes visual 366: Instalación ,,,,,,,,
scienti,3: Producción artística/cultural 36: Obras de artes visual 367: Pintura ,,,,,,,,
scienti,3: Producción artística/cultural 36: Obras de artes visual 368: Televisión ,,,,,,,,
scienti,3: Producción artística/cultural 36: Obras de artes visual 369: Vídeo ,,,,,,,,
scienti,3: Producción artística/cultural 36: Obras de artes visual 36Z: Otro ,,,,,,,,
scienti,3: Producción artística/cultural 37: Sonorización 371: Cine ,,,,,,,,
scienti,3: Producción artística/cultural 37: Sonorización 372: Música ,,,,,,,,
scienti,3: Producción artística/cultural 37: Sonorización 373: Radio ,,,,,,,,
scienti,3: Producción artística/cultural 37: Sonorización 374: Televisión ,,,,,,,,
scienti,3: Producción artística/cultural 37: Sonorización 375: Teatro ,,,,,,,,
scienti,3A: Apropiación social del conocimiento 3A1: Proceso de Apropiación Social del Conocimiento para el fortalecimiento o solución de asuntos de interés social  ,,,,,,,,
scienti,3A: Apropiación social del conocimiento 3A2: Proceso de Apropiación Social del Conocimiento resultado del trabajo conjunto entre un Centro de Ciencia y un grupo de investigación  ,,,,,,,,
scienti,3A: Apropiación social del conocimiento 3A3: Proceso de Apropiación Social del Conocimiento para la generación de insumos de política pública y normatividad  ,,,,,,,,
scienti,3A: Apropiación social del conocimiento 3A4: Proceso de Apropiación Social del Conocimiento para el fortalecimiento de cadenas  ,,,,,,,,
scienti,3: Producción artística/cultural 3Z: Otra producción artística/cultural  ,,,,,,,,
scienti,"4A: Divulgación pública de la ciencia 4A1: Publicaciones editoriales no especializadas: cartillas, manual no especializado, periódicos, revistas, boletín, etc  ",Artículo,works,,,,,,
scienti,4A: Divulgación pública de la ciencia 4A2: Producciones de contenido digital 4A21: Audiovisuales 4A211: Cápsulas de video,,,,,,,,
scienti,4A: Divulgación pública de la ciencia 4A2: Producciones de contenido digital 4A21: Audiovisuales 4A212: Video,,,,,,,,
scienti,4A: Divulgación pública de la ciencia 4A2: Producciones de contenido digital 4A22: Sonoro 4A221: Podcast,,,,,,,,
scienti,4A: Divulgación pública de la ciencia 4A2: Producciones de contenido digital 4A22: Sonoro 4A222: Cápsulas radiales,,,,,,,,
scienti,4A: Divulgación pública de la ciencia 4A2: Producciones de contenido digital 4A22: Sonoro 4A223: Programa radial,,,,,,,,
scienti,4A: Divulgación pública de la ciencia 4A2: Producciones de contenido digital 4A23: Recursos gráficos digitales 4A231: Infografías,,,,,,,,
scienti,4A: Divulgación pública de la ciencia 4A2: Producciones de contenido digital 4A23: Recursos gráficos digitales 4A232: Videografías,,,,,,,,
scienti,4A: Divulgación pública de la ciencia 4A3: Producción de estrategias y contenidos transmedia  ,,,,,,,,
scienti,"4A: Divulgación pública de la ciencia 4A4: Desarrollos web: Páginas web-blogs, micrositios, aplicativos móviles + estrategia de Redes Sociales  ",,,,,,,,
scienti,5: Demás trabajos 51: Demás trabajos  ,,,,,,,,
scienti,5: Demás trabajos 51: Demás trabajos 511: Póster ,,,,,,,,
scienti,6: Trabajos dirigidos/Tutorías 61: Tesis de doctorado  ,Tesis de  Doctorado,works,Controlled Vocabularies for Repositories: doctoral thesis,productos,,,,
scienti,6: Trabajos dirigidos/Tutorías 62: Trabajo de grado de maestría o especialidad clínica  ,Tesis de Maestría,works,Controlled Vocabularies for Repositories: master thesis,productos,,,,
scienti,6: Trabajos dirigidos/Tutorías 63: Monografía de conclusión de curso de perfeccionamiento/especialización  ,Tesis de Especialización,works,,productos,,,,
scienti,6: Trabajos dirigidos/Tutorías 64: Trabajos de grado de pregrado  ,Tesis de Pregrado ,works,Resource Types: bachelor thesis,productos,,,,
scienti,6: Trabajos dirigidos/Tutorías 65: Iniciación Científica  ,Trabajo dirigido,works,Resource Types: working paper,productos,,,,
scienti,6: Trabajos dirigidos/Tutorías 66: Trabajos dirigidos/Tutorías de otro tipo  ,Trabajo dirigido,works,Resource Types: working paper,productos,,,,
scienti,"7: Producción en artes, arquitectura y diseño 7A: Obra o producto  ",,,,,,,,
scienti,"7: Producción en artes, arquitectura y diseño 7A1: Efímero  ",,,,,,,,
scienti,"7: Producción en artes, arquitectura y diseño 7A2: Permanente  ",,,,,,,,
scienti,"7: Producción en artes, arquitectura y diseño 7A3: Procesual  ",,,,,,,,
scienti,"7: Producción en artes, arquitectura y diseño 7B: Industrias creativas y culturales  ",,,,,,,,
scienti,8: Signos distintivos 81: Marcas  ,,,,,,,,
scienti,8: Signos distintivos 84: Nombres comerciales  ,,,,,,,,
scienti,8: Signos distintivos 85: Denominaciones de origen  ,,,,,,,,
scienti,8: Signos distintivos 87: Marcas de certificación  ,,,,,,,,
scienti,A: Datos complementarios A1: Jurado/Comisiones evaluadoras de trabajo de grado A11: Maestría ,,,,,,,,
scienti,A: Datos complementarios A1: Jurado/Comisiones evaluadoras de trabajo de grado A12: Doctorado ,,,,,,,,
scienti,A: Datos complementarios A1: Jurado/Comisiones evaluadoras de trabajo de grado A14: Curso de perfeccionamiento/especialización ,,,,,,,,
scienti,A: Datos complementarios A1: Jurado/Comisiones evaluadoras de trabajo de grado A15: Pregrado ,,,,,,,,
scienti,A: Datos complementarios A1: Jurado/Comisiones evaluadoras de trabajo de grado A16: Especialidad Médica ,,,,,,,,
scienti,A: Datos complementarios A1: Jurado/Comisiones evaluadoras de trabajo de grado A19: Otra ,,,,,,,,
scienti,A: Datos complementarios A2: Participación en comités de evaluación A21: Profesor titular ,,,,,,,,
scienti,A: Datos complementarios A2: Participación en comités de evaluación A22: Concurso docente ,,,,,,,,
scienti,A: Datos complementarios A2: Participación en comités de evaluación A23: Jefe de cátedra ,,,,,,,,
scienti,A: Datos complementarios A2: Participación en comités de evaluación A24: Evaluación de cursos ,,,,,,,,
scienti,A: Datos complementarios A2: Participación en comités de evaluación A25: Acreditación de programas ,,,,,,,,
scienti,A: Datos complementarios A2: Participación en comités de evaluación A26: Asignación de becas ,,,,,,,,
scienti,A: Datos complementarios A2: Participación en comités de evaluación A29: Otra ,,,,,,,,
scienti,CC,,projects,,,,,,
scienti,CR,,projects,,,,,,CR = Investigación-Creación
scienti,EX,,projects,,,,,,EX = extensión y responsabilidad social 
scienti,IC,,projects,,,,,,
scienti,ID,,projects,,,,,,ID = investigación y desarrollo 
scienti,IN,,projects,,,,,,"IN = investigación, desarrollo e innovación"
scienti,PF,,projects,,,,,,
scienti,MI,,patents,,,,,,MI: Modelo Industrial
scienti,MU,,patents,,,,,,MU: Modelo de Utilidad
scienti,OU,,patents,,,,,,OU: Otra
scienti,PE,,patents,,,,,,PE: Exterior
scienti,PI,,patents,,,,,,PI: invención
scienti,PIV,,patents,,,,,,
scienti,RC,,works_misc,,,,,,RC = red de conocimiento
scienti,CG,,events,,,,,,CG - Congreso
scienti,EN,,events,,,,,,EN - Encuentro
scienti,SE,,events,,,,,,SE - Seminario
scienti,SI,,events,,,,,,SI - Simposio
scienti,TC,,events,,,,,,TC - Taller creativo
scienti,AA,,events,,,,,,AA: Artístico de arquitectura o diseño
scienti,AB,,events,,,,,,"AB: Académico sobre arte, arquitectura o diseño"
scienti,AC,,events,,,,,,AC: Artístico-académico
scienti,AD,,events,,,,,,AD: Artístico-didáctico
scienti,AE,,events,,,,,,AE: Artefacto que acompaña la comunicación de las creaciones
scienti,AF,,events,,,,,,AF: Circulación en procesos y programas artísticos pedagógicos y didácticos
scienti,AG,,events,,,,,,AG: Circulación en procesos y programas comunitarios y sociales.
scienti,OT,,events,,,,,,
scienti,TA,,events,,,,,,
siiu,1:Investigación 11:Aplicada,,projects,,,,,,
siiu,1:Investigación 12:Básica,,projects,,,,,,
siiu,2:Extensión 23:Responsabilidad e Innovación Social,,projects,,,,,,
siiu,2:Extensión 25:Cultura y Patrimonio,,projects,,,,,,
siiu,2:Extensión 26:Innovación,,projects,,,,,,
ciarp_udea,Articulo corto publicado en libro de texto,Capítulo de libro,works,Controlled Vocabularies for Repositories: book part,productos,,,,
ciarp_udea,Articulo corto publicado en libro resultado de investigacion,Capítulo de libro,works,Controlled Vocabularies for Repositories: book part,productos,,,,
ciarp_udea,Articulo corto publicado en revista Tipo A1,Artículo corto,works,Controlled Vocabularies for Repositories: letter,productos,,,,
ciarp_udea,Articulo corto publicado en revista Tipo A2,Artículo corto,works,Controlled Vocabularies for Repositories: letter,productos,,,,
ciarp_udea,Articulo corto publicado en revista Tipo B1,Artículo corto,works,Controlled Vocabularies for Repositories: letter,productos,,,,
ciarp_udea,Articulo corto publicado en revista Tipo C1,Artículo corto,works,Controlled Vocabularies for Repositories: letter,productos,,,,
ciarp_udea,Articulo en revista de difusion internacional. Categoria A,Artículo,works,Resource Types: journal article,productos,,,,
ciarp_udea,Articulo en revista nacional de difusion local,Artículo,works,Resource Types: journal article,productos,,,,
ciarp_udea,Articulo en revista nacional de difusion nacional,Artículo,works,Resource Types: journal article,productos,,,,
ciarp_udea,Articulo en revista Tipo A1,Artículo,works,Resource Types: journal article,productos,,,,
ciarp_udea,Articulo en revista Tipo A2,Artículo,works,Resource Types: journal article,productos,,,,
ciarp_udea,Articulo en revista Tipo B,Artículo,works,Resource Types: journal article,productos,,,,
ciarp_udea,Articulo en revista Tipo B2,Artículo,works,Resource Types: journal article,productos,,,,
ciarp_udea,Articulo en revista Tipo C,Artículo,works,Resource Types: journal article,productos,,,,
ciarp_udea,Articulos nacionales publicados ante del 28/03/2003,Artículo,works,Resource Types: journal article,productos,,,,
ciarp_udea,Capitulo de libro de ensayo,Capítulo de libro,works,Controlled Vocabularies for Repositories: book part,productos,,,,
ciarp_udea,Capitulo de libro de texto,Capítulo de libro,works,Controlled Vocabularies for Repositories: book part,productos,,,,
ciarp_udea,Capitulo de libro resultado de investigacion,Capítulo de libro,works,Controlled Vocabularies for Repositories: book part,productos,,,,
ciarp_udea,Capitulo de libro Tipo B,Capítulo de libro,works,Controlled Vocabularies for Repositories: book part,productos,,,,
ciarp_udea,Capitulo de obra artistica,Capítulo de libro,works,Controlled Vocabularies for Repositories: book part,productos,,,,
ciarp_udea,Capitulo de obra artistica nacional,Capítulo de libro,works,Controlled Vocabularies for Repositories: book part,productos,,,,
ciarp_udea,Carta al editor en revista tipo A1,Artículo,works,Resource Types: journal article,productos,,,,
ciarp_udea,Carta al editor en revista tipo A2,Artículo,works,Resource Types: journal article,productos,,,,
ciarp_udea,Carta al editor en revista tipo B,Artículo,works,Resource Types: journal article,productos,,,,
ciarp_udea,Carta al editor en revista tipo C,Artículo,works,Resource Types: journal article,productos,,,,
ciarp_udea,Composicion musica de camara nacional,,works_misc,,,,,,
ciarp_udea,Composicion musical musica de camara,,works_misc,,,,,,
ciarp_udea,Comunicacion corta en revista Tipo A1,Artículo corto,works,Controlled Vocabularies for Repositories: letter,productos,,,,
ciarp_udea,Comunicacion corta en revista Tipo A2,Artículo corto,works,Controlled Vocabularies for Repositories: letter,productos,,,,
ciarp_udea,Comunicacion corta en revista Tipo B,Artículo corto,works,Controlled Vocabularies for Repositories: letter,productos,,,,
ciarp_udea,Comunicacion corta en revista Tipo C,Artículo corto,works,Controlled Vocabularies for Repositories: letter,productos,,,,
ciarp_udea,Cuento o relato de difusion nacional,Libro,works,Controlled Vocabularies for Repositories: book,productos,,,,
ciarp_udea,Direccion de trabajo de grado de doctorado,,works_misc,,,,,,
ciarp_udea,Direccion de trabajo de grado de especializacion medica(),,works_misc,,,,,,
ciarp_udea,Direccion de trabajo de grado de maestria,,works_misc,,,,,,
ciarp_udea,Director de actores en obra de teatro,,works_misc,,,,,,
ciarp_udea,Editorial en revista tipo A1,Editorial,works,Controlled Vocabularies for Repositories: editorial,productos,,,,
ciarp_udea,Editorial en revista tipo A2,Editorial,works,Controlled Vocabularies for Repositories: editorial,productos,,,,
ciarp_udea,Editorial en revista tipo B,Editorial,works,Controlled Vocabularies for Repositories: editorial,productos,,,,
ciarp_udea,Editorial en revista tipo C,Editorial,works,Controlled Vocabularies for Repositories: editorial,productos,,,,
ciarp_udea,Estidio posdoctoral,,works_misc,,,,,,
ciarp_udea,Impreso universitario,Manual,works,Controlled Vocabularies for Repositories: editorial,productos,,,,
ciarp_udea,Interpretacion de impacto internacional,,works_misc,,,,,,
ciarp_udea,Interpretacion de impacto local,,works_misc,,,,,,
ciarp_udea,Interpretacion de impacto nacional,,works_misc,,,,,,
ciarp_udea,Libro de ensayo,Libro,works,Controlled Vocabularies for Repositories: book,productos,,,,
ciarp_udea,Libro de ensayo por capitulos,Libro,works,Controlled Vocabularies for Repositories: book,productos,,,,
ciarp_udea,Libro de investigacion por capitulos resolucion 01 14/03/2018,Libro,works,Controlled Vocabularies for Repositories: book,productos,,,,
ciarp_udea,Libro de literatura categoria A,Libro,works,Controlled Vocabularies for Repositories: book,productos,,,,
ciarp_udea,Libro de texto,Libro,works,Controlled Vocabularies for Repositories: book,productos,,,,
ciarp_udea,Libro de texto por capitulos,Libro,works,Controlled Vocabularies for Repositories: book,productos,,,,
ciarp_udea,Libro resultado de investigacion,Libro,works,Controlled Vocabularies for Repositories: book,productos,,,,
ciarp_udea,Libro resultado de investigacion por capitulos,Libro,works,Controlled Vocabularies for Repositories: book,productos,,,,
ciarp_udea,Libro resultado de tesis doctoral categoria A,Libro,works,Controlled Vocabularies for Repositories: book,productos,,,,
ciarp_udea,Libro resultado de tesis doctoral categoria B,Libro,works,Controlled Vocabularies for Repositories: book,productos,,,,
ciarp_udea,Obra de creacion complementaria internacional.,,works_misc,,,,,,
ciarp_udea,Obra de creacion complementaria o de apoyo local,,works_misc,,,,,,
ciarp_udea,Obra de creacion complementaria o de apoyo Nacional,,works_misc,,,,,,
ciarp_udea,Obra de creacion original artistica internacional,,works_misc,,,,,,
ciarp_udea,Obra de creacion original artistica local,,works_misc,,,,,,
ciarp_udea,Obra de creacion original artistica nacional,,works_misc,,,,,,
ciarp_udea,PATENTE A4 VIA TRADICIONAL SIN PRODUCTO Y SIN CONTRATO,,patents,,,,,,
ciarp_udea,PATENTE DE INVENCION,,patents,,,,,,
ciarp_udea,Patente. Categoria A,,patents,,,,,,
ciarp_udea,Ponencia de extension intermedia en evento internacional (),,events,,,,,,
ciarp_udea,Ponencia de extension intermedia en evento nacional (),,events,,,,,,
ciarp_udea,Ponencia de extension intermedia latinoameric o de 1 cont (),,events,,,,,,
ciarp_udea,Ponencia en extenso en evento iberoamericano (),,events,,,,,,
ciarp_udea,Ponencia en extenso en evento internacional,,events,,,,,,
ciarp_udea,Ponencia en extenso en evento latinoamericano (),,events,,,,,,
ciarp_udea,Ponencia en extenso en evento local,,events,,,,,,
ciarp_udea,Ponencia en extenso en evento nacional,,events,,,,,,
ciarp_udea,Premio internacional,,works_misc,,,,,,
ciarp_udea,Premio Internacional  C,,works_misc,,,,,,
ciarp_udea,Premio internacional B,,works_misc,,,,,,
ciarp_udea,Premio internacional D,,works_misc,,,,,,
ciarp_udea,Premio nacional,,works_misc,,,,,,
ciarp_udea,Premio nacional B,,works_misc,,,,,,
ciarp_udea,Premio nacional C,,works_misc,,,,,,
ciarp_udea,Premio nacional D,,works_misc,,,,,,
ciarp_udea,Produccion Academica Especial,,works_misc,,,,,,
ciarp_udea,Produccion especial para bonificacion,,works_misc,,,,,,
ciarp_udea,Produccion fonografica didiactica local,,works_misc,,,,,,
ciarp_udea,Produccion fonografica documental local,,works_misc,,,,,,
ciarp_udea,Produccion fonografica nacional,,works_misc,,,,,,
ciarp_udea,Produccion radiografica de difusion local,,works_misc,,,,,,
ciarp_udea,Producto tecnologico de adaptacion,,works_misc,,,,,,
ciarp_udea,Producto tecnologico de innovacion,,works_misc,,,,,,
ciarp_udea,Puntaje Asignado a Profesor Visitante,,works_misc,,,,,,
ciarp_udea,Reporte de caso en libro,Capítulo de libro,works,Controlled Vocabularies for Repositories: book part,productos,,,,
ciarp_udea,Reporte de caso en libro de texto,Capítulo de libro,works,Controlled Vocabularies for Repositories: book part,productos,,,,
ciarp_udea,Reporte de caso en libro resultado de investigacion,Capítulo de libro,works,Controlled Vocabularies for Repositories: book part,productos,,,,
ciarp_udea,Reporte de caso en revista Tipo A1,Artículo,works,Resource Types: journal article,productos,,,,
ciarp_udea,Reporte de caso en revista Tipo A2,Artículo,works,Resource Types: journal article,productos,,,,
ciarp_udea,Reporte de caso en revista Tipo B,Artículo,works,Resource Types: journal article,productos,,,,
ciarp_udea,Reporte de caso en revista Tipo C,Artículo,works,Resource Types: journal article,productos,,,,
ciarp_udea,Resena critica,Otro,works,,productos,,,,Prioridad OpenAlex
ciarp_udea,Resumen de ponencia en evento iberoamericano o de 2 continet,,events,,,,,,
ciarp_udea,Resumen de ponencia en evento internacional (),,events,,,,,,
ciarp_udea,Resumen de ponencia en evento latinoamerican o de 1 continet,,events,,,,,,
ciarp_udea,Resumen de ponencia en evento nacional (),,events,,,,,,
ciarp_udea,Revision de tema en libro de difusion nacional-intenacional,Libro,works,Controlled Vocabularies for Repositories: book,productos,,,,
ciarp_udea,Revision de tema en libro de texto,Libro,works,Controlled Vocabularies for Repositories: book,productos,,,,
ciarp_udea,Revision de tema en libro resultado de investigacion,Libro,works,Controlled Vocabularies for Repositories: book,productos,,,,
ciarp_udea,Revision de tema en revista Tipo A1,Artículo de revisión,works,Resource Types: journal article,productos,,,,
ciarp_udea,Revision de tema en revista Tipo A2,Artículo de revisión,works,Resource Types: journal article,productos,,,,
ciarp_udea,Revision de tema en revista Tipo B,Artículo de revisión,works,Resource Types: journal article,productos,,,,
ciarp_udea,Revision de tema en revista Tipo C,Artículo de revisión,works,Resource Types: journal article,productos,,,,
ciarp_udea,Software de produccion cientifica,,works_misc,,,,,,
ciarp_udea,Software de produccion tecnologica,,works_misc,,,,,,
ciarp_udea,Traduccion Articulo,Artículo,works,Resource Types: journal article,productos,,,,
ciarp_udea,Traduccion Articulo de revista o libro de difusion nal o reg,Artículo,works,Resource Types: journal article,productos,,,,
ciarp_udea,Traduccion de articulo o capitulo de libro,Artículo,works,Resource Types: journal article,productos,,,,
ciarp_udea,Traduccion de Libro,Libro,works,Controlled Vocabularies for Repositories: book,productos,,,,
ciarp_udea,Video  didactico internacional,,works_misc,,,,,,
ciarp_udea,Video  didactico nacional,,works_misc,,,,,,
ciarp_udea,Video didactico de difusion local,,works_misc,,,,,,
ciarp_udea,Video Documental Internacional,,works_misc,,,,,,
ciarp_udea,Video Documental Local,,works_misc,,,,,,
ciarp_udea,Video Documental Nacional,,works_misc,,,,,,
ciarp_univalle,1.TEXTO UNIVERSITARIO,Libro,works,Controlled Vocabularies for Repositories: book,productos,,,,
ciarp_univalle,3.ENSAYOS EN FORMA DE ARTíCULOS,Artículo,works,Resource Types: journal article,productos,,,,
ciarp_univalle,4.MóDULOS O MATERIALES AUTOFORMATIVOS,,works_misc,,,,,,
ciarp_univalle,5.CONFERENCIAS DE CLASE,,works_misc,,,,,,
ciarp_univalle,"6.GUíAS DE PRáCTICA, TALLER O LABORATORIO",,works_misc,,,,,,
ciarp_univalle,8.MATERIALES AUDIOVISUALES,,works_misc,,,,,,
ciarp_univalle,ADAPTACIóN TECNOLóGICA,,works_misc,,,,,,
ciarp_univalle,ARTICULO EN REVISTA NO INDEXADA/HOMOLOGADA,Artículo,works,Resource Types: journal article,productos,,,,
ciarp_univalle,CARáCTER DOCUMENTAL IMPACTO INTERNACIONAL,,works_misc,,,,,,
ciarp_univalle,COMUNICACION CORTA REVISTA TIPO A1,Artículo corto,works,Controlled Vocabularies for Repositories: letter,productos,,,,
ciarp_univalle,COMUNICACION CORTA REVISTA TIPO A2,Artículo corto,works,Controlled Vocabularies for Repositories: letter,productos,,,,
ciarp_univalle,COMUNICACION CORTA REVISTA TIPO B,Artículo corto,works,Controlled Vocabularies for Repositories: letter,productos,,,,
ciarp_univalle,COMUNICACION CORTA REVISTA TIPO C,Artículo corto,works,Controlled Vocabularies for Repositories: letter,productos,,,,
ciarp_univalle,CREACION COMPLEMENTARIA IMPACTO REGIONAL - LOCAL,,works_misc,,,,,,
ciarp_univalle,CREACION ORIGINAL IMPACTO REGIONAL - LOCAL,,works_misc,,,,,,
ciarp_univalle,DESARROLLO SOFTWARE PRODUCCION CIENTIFICA,,works_misc,,,,,,
ciarp_univalle,DESARROLLO SOFTWARE PRODUCCION TECNOLOGICA,,works_misc,,,,,,
ciarp_univalle,DIRECCION DE TESIS DE DOCTORADO,,works_misc,,,,,,
ciarp_univalle,DIRECCION DE TESIS DE MAESTRIA,,works_misc,,,,,,
ciarp_univalle,"DISCOS, FILMES, VIDEOS Y AUDIOVISUALES",,works_misc,,,,,,
ciarp_univalle,DISEÑOS O MEMORIAS TÉCNICAS Y PROTOTIPOS,,works_misc,,,,,,
ciarp_univalle,DOCUMENTOS DE ANALOGOS FINES Y CONTENIDOS,,works_misc,,,,,,
ciarp_univalle,DOCUMENTOS DE TRABAJO DE INVESTIGACION,Documento de trabajo,works,Resource Types: working paper,productos,,,,
ciarp_univalle,DOCUMENTOS SOBRE POLÍTICA UNIVERSITARIA,,works_misc,,,,,,
ciarp_univalle,EN REVISTA TIPO A1,Artículo,works,Resource Types: journal article,productos,,,,
ciarp_univalle,EN REVISTA TIPO A2,Artículo,works,Resource Types: journal article,productos,,,,
ciarp_univalle,EN REVISTA TIPO B,Artículo,works,Resource Types: journal article,productos,,,,
ciarp_univalle,EN REVISTA TIPO C,Artículo,works,Resource Types: journal article,productos,,,,
ciarp_univalle,ESTUDIOS POSTDOCTORALES,,works_misc,,,,,,
ciarp_univalle,FINES DIDáCTICOS IMPACTO NACIONAL,,works_misc,,,,,,
ciarp_univalle,FULL PAPER REVISTA TIPO A1,Artículo,works,Resource Types: journal article,productos,,,,
ciarp_univalle,FULL PAPER REVISTA TIPO A2,Artículo,works,Resource Types: journal article,productos,,,,
ciarp_univalle,FULL PAPER REVISTA TIPO B,Artículo,works,Resource Types: journal article,productos,,,,
ciarp_univalle,FULL PAPER REVISTA TIPO C,Artículo,works,Resource Types: journal article,productos,,,,
ciarp_univalle,IMPACTO INTERNACIONAL,,works_misc,,,,,,
ciarp_univalle,IMPACTO NACIONAL,,works_misc,,,,,,
ciarp_univalle,INFORMES FINALES DE INVESTIGACION,Informe de investigación,works,,,,,,
ciarp_univalle,INNOVACIóN TECNOLóGICA,,works_misc,,,,,,
ciarp_univalle,INTERPRETACION DE IMPACTO REGIONAL - LOCAL,,works_misc,,,,,,
ciarp_univalle,INVENTO PATENTADO,,patents,,,,,,
ciarp_univalle,LIBRO DE ENSAYO,Libro,works,Controlled Vocabularies for Repositories: book,productos,,,,
ciarp_univalle,LIBRO DE INVESTIGACION,Libro,works,Controlled Vocabularies for Repositories: book,productos,,,,
ciarp_univalle,LIBRO DE INVESTIGACION_,Libro,works,Controlled Vocabularies for Repositories: book,productos,,,,
ciarp_univalle,LIBRO DE SISTEMATIZACION,Libro,works,Controlled Vocabularies for Repositories: book,productos,,,,
ciarp_univalle,LIBRO DE TEXTO,Libro,works,Controlled Vocabularies for Repositories: book,productos,,,,
ciarp_univalle,MATERIALES DE SOPORTE A LA DOCENCIA,,works_misc,,,,,,
ciarp_univalle,MATERIALES PARA EDUCACION A DISTANCIA,,works_misc,,,,,,
ciarp_univalle,MONOGRAFIA,Tesis sin definir,works,Controlled Vocabularies for Repositories: thesis,productos,,,,
ciarp_univalle,MONOGRAFIA DE SISTEMATIZACION,Tesis sin definir,works,Controlled Vocabularies for Repositories: thesis,productos,,,,
ciarp_univalle,OBRAS ARQUITECTÓNICAS,,works_misc,,,,,,
ciarp_univalle,PATENTE,,patents,,,,,,
ciarp_univalle,PONENCIA,,events,,,,,,
ciarp_univalle,PONENCIA EN EVENTO INTERNACIONAL,,events,,,,,,
ciarp_univalle,PONENCIA EN EVENTO NACIONAL,,events,,,,,,
ciarp_univalle,PONENCIA EN EVENTO REGIONAL,,events,,,,,,
ciarp_univalle,PONENCIAS PRESENTADAS EN CONGRESOS,,events,,,,,,
ciarp_univalle,PREMIO INTERNACIONAL,,works_misc,,,,,,
ciarp_univalle,PREMIO NACIONAL,,works_misc,,,,,,
ciarp_univalle,"PROFESOR DISTINGUIDO, HONORARIO ó EMéRITO",,works_misc,,,,,,
ciarp_univalle,RECONOCIMIENTO ESPECIAL,,works_misc,,,,,,
ciarp_univalle,"REPORTE, REVISION DE TEMA EN REVISTA TIPO A1",Artículo de revisión,works,Controlled Vocabularies for Repositories: review article,productos,,,,
ciarp_univalle,"REPORTE, REVISION DE TEMA EN REVISTA TIPO A2",Artículo de revisión,works,Controlled Vocabularies for Repositories: review article,productos,,,,
ciarp_univalle,"REPORTE, REVISION DE TEMA EN REVISTA TIPO B",Artículo de revisión,works,Controlled Vocabularies for Repositories: review article,productos,,,,
ciarp_univalle,"REPORTE, REVISION DE TEMA EN REVISTA TIPO C",Artículo de revisión,works,Controlled Vocabularies for Repositories: review article,productos,,,,
ciarp_univalle,REPRESENTACIóN ARTISTICA,,works_misc,,,,,,
ciarp_univalle,RESENAS CRITICAS,Artículo,works,Resource Types: journal article,productos,,,,
ciarp_univalle,RESEñAS CRíTICAS,Artículo,works,Resource Types: journal article,productos,,,,
ciarp_univalle,REVISTA NO INDEXADA/HOMOLOGADA,Artículo,works,Resource Types: journal article,productos,,,,
ciarp_univalle,REVISTA NO INDEXADA-HOMOLOGADA,Artículo,works,Resource Types: journal article,productos,,,,
ciarp_univalle,TESIS DE POSTGRADO LAUREADA O EQUIVALENTE,Tesis sin definir,works,Controlled Vocabularies for Repositories: thesis,productos,,,,
ciarp_univalle,TESIS DOCTORADO,Tesis de  Doctorado,works,Controlled Vocabularies for Repositories: doctoral thesis,productos,,,,
ciarp_univalle,TESIS MAESTRIA,Tesis de Maestría,works,Controlled Vocabularies for Repositories: master thesis,productos,,,,
ciarp_univalle,TRADUCCIóN DE LIBRO,Libro,works,Controlled Vocabularies for Repositories: book,productos,,,,
ciarp_univalle,TRADUCCION PUBLICADA DE ARTICULO,Artículo,works,Resource Types: journal article,productos,,,,
ciarp_unal,Artículo de revista,Artículo,works,,,,,,
ciarp_unal,Tesis Maestría,Tesis de Maestría,works,,,,,,
ciarp_unal,Capítulo de libro,Capítulo de libro,works,,,,,,
ciarp_unal,Estado del arte,Artículo de revisión,works,,,,,,
ciarp_unal,Formato audiovisual,,works_misc,,,,,,
ciarp_unal,Ponencias en eventos especializados,,events,,,,,,
ciarp_unal,Tesis Doctorado,Tesis de  Doctorado,works,,,,,,
ciarp_unal,Editorial,Artículo,works,,,,,,
ciarp_unal,Tesis Especialización,Tesis de Especialización,works,,,,,,
ciarp_unal,Errata,Artículo,works,,,,,,
ciarp_unal,Libro,Libro,works,,,,,,
ciarp_unal,Artículo de conferencia,Artículo de conferencia,works,,,,,,
ciarp_unal,Revisión sistemática,Artículo de revisión,works,,,,,,
ciarp_unal,Reporte de caso,Artículo,works,,,,,,
ciarp_unal,Patente,,patents,,,,,,
ciarp_unal,Tesis Pregrado,Tesis de Pregrado ,works,,,,,,
ciarp_unal,Desarrollo de software,,works_misc,,,,,,
ciarp_unal,Apoyo a la investigación,,works_misc,,,,,,
ciarp_unal,Preimpresión,Preprint,works,,,,,,
ciarp_unal,Proyecto,,projects,,,,,,
ciarp_unal,Comentario,Artículo,works,,,,,,
ciarp_unal,Estudio comparativo,Artículo,works,,,,,,
ciarp_unal,Estudio observacional,Artículo,works,,,,,,
ciarp_unal,Proceso instrumental,,works_misc,,,,,,
ciarp_unal,Colección científica,Artículo,works,,,,,,
ciarp_unal,Reporte tecnico,Reporte ,works,,,,,,
ciarp_unal,Datos,,works_misc,,,,,,
ciarp_unal,Posters presentados,,events,,,,,,
ciarp_unal,Ponencias en eventos,,events,,,,,,
ciarp_unal,Biografía,Libro,works,,,,,,